TransactionID,Type,Date,Amount,Status,AccountNumber,Receiver,ReceiverAccountNumber
68b2d851-14d7-4ac5-9c9c-e517ec3e9359,Credit,2024-12-29,3793.61,Failed,ACC9694457191,Vikas Kumar,ACC8777577001
87862f17-d9b8-4859-a019-7c4f0af6043a,Debit,2024-09-12,616.31,Success,ACC9694457191,Sunil Yadav,ACC3437192591
3f987c8d-8d39-4dab-92c5-6b127f0a6a3d,Credit,2024-08-06,1846.4,Pending,ACC9694457191,Sunil Yadav,ACC9644287762
f41e61f0-9dac-4ff3-8aba-35dafc683039,Debit,2024-04-11,3361.34,Failed,ACC9694457191,Vineet Chauhan,ACC2715099379
36da9ae1-5425-4f05-9934-e1203e349b6f,Debit,2024-02-06,540.86,Pending,ACC9694457191,Karan Singh,ACC7149896080
74978c22-735d-4afe-bf94-988fc33bb71d,Credit,2024-08-20,2848.64,Success,ACC9694457191,Vineet Chauhan,ACC9694457191
e37d77b8-95c5-44d3-b1d6-f7c9d57d012e,Credit,2024-12-07,618.22,Failed,ACC9694457191,Ravi Kumar,ACC7402661221
aca4682c-b133-46ef-af2a-0634e668df3b,Credit,2024-11-21,1303.94,Success,ACC8897314861,Arvind Rajput,ACC8897314861
4e021ca8-8765-4457-ad23-84c280c93c7b,Credit,2024-06-08,1637.34,Success,ACC8897314861,Priya Desai,ACC7087362280
c64d232b-773b-4c6e-9a65-b3dca202f450,Credit,2024-04-05,1951.13,Pending,ACC8897314861,Arvind Rajput,ACC2715099379
3f52b48b-1f93-41c3-927a-9eef9f987802,Credit,2024-08-19,4094.6,Success,ACC8897314861,Vineeta Agarwal,ACC9644287762
869afe06-7f79-4dd2-a639-ee745bbfa5ba,Debit,2024-10-21,2932.7,Pending,ACC8897314861,Kavita Jain,ACC1946334593
ea132421-4280-4463-b001-c8ae2d939f0d,Debit,2024-05-22,4268.67,Failed,ACC8897314861,Arvind Rajput,ACC1867743310
66ace1c8-8883-4c67-b2cf-da1e3856f870,Credit,2024-06-29,3274.13,Failed,ACC2715099379,Neelam Kumari,ACC3437192591
90ec09db-35d4-4356-8b6a-462e3667cb60,Credit,2024-08-11,3071.8,Failed,ACC2715099379,Neelam Kumari,ACC1946334593
80e8c6b3-8a70-4dc7-a6ec-eb7ef837cb66,Credit,2024-09-15,2792.82,Failed,ACC2715099379,Pooja Verma,ACC1153773052
1837cd6b-17f5-4c46-ba6a-dc12796d20d2,Debit,2024-05-25,3047.08,Failed,ACC2715099379,Vineet Chauhan,ACC4308105239
085fd49d-2283-4ea9-b96e-7b742e1b11bc,Debit,2024-12-25,2703.36,Success,ACC2715099379,Vineeta Agarwal,ACC7087362280
ee7bea00-a6ba-467a-ba6d-f64ba9253495,Debit,2024-08-23,3057.54,Success,ACC2715099379,Neha Gupta,ACC3437192591
105f06eb-06fb-42fe-aaca-7d48cfeb6502,Credit,2024-03-12,152.26,Pending,ACC2715099379,Rekha Yadav,ACC7087362280
f98f665c-fc4d-47da-8b9a-4873652be291,Credit,2024-11-01,2707.2,Success,ACC2715099379,Deepa Agarwal,ACC8154338572
90fca793-391e-44ca-9b59-9d1b8506ca86,Debit,2024-06-22,4714.17,Pending,ACC2715099379,Priya Desai,ACC1867743310
389c6c27-cee9-424f-87ae-52a3c1bf3b9d,Credit,2024-07-30,2419.04,Success,ACC2715099379,Rekha Yadav,ACC5710166050
d4f4b906-abd4-45b4-b375-2fc0a03141ab,Credit,2024-09-29,2079.56,Failed,ACC1698989475,Manoj Tiwari,ACC1698989475
f0998b79-510c-4af0-9a06-5ffa8a13bd43,Debit,2024-08-21,2273.47,Pending,ACC1698989475,Manoj Tiwari,ACC3437192591
e501a7f0-1d73-40a3-a241-f879abbf8009,Credit,2024-01-26,952.35,Pending,ACC1698989475,Manoj Tiwari,ACC1590248187
ae959c37-0c73-4901-91cf-8ee84876eaac,Debit,2024-07-16,4684.28,Success,ACC1698989475,Rekha Yadav,ACC7087362280
a1da7ca9-a3c9-4cfb-8bfb-ca117efcaa70,Debit,2024-02-04,2563.1,Failed,ACC1698989475,Neelam Kumari,ACC5189193885
f3bd6a18-c2c8-477f-ab8b-b68fd18aa046,Debit,2024-05-27,2295.11,Pending,ACC1698989475,Suresh Reddy,ACC9901263136
7a2ff387-27b6-4ffd-b585-df8fd2885de8,Debit,2024-11-03,3896.49,Failed,ACC1227835051,Raj Patel,ACC9694457191
687a5cde-2c15-4586-a456-c89300b17e2a,Debit,2024-02-04,2073.08,Pending,ACC1227835051,Raj Patel,ACC8154338572
74d6b840-ef0b-40b0-b7e4-341cfd58a061,Debit,2024-02-10,1517.64,Pending,ACC1227835051,Neha Gupta,ACC1455774327
d39f8b3e-c1a5-455c-afd8-72da68a6983d,Credit,2024-11-14,447.36,Failed,ACC1227835051,Vineeta Agarwal,ACC2715099379
4854d0c4-1a9c-4d49-9aa4-3d2e192ce500,Debit,2024-03-12,4799.25,Failed,ACC1227835051,Kavita Jain,ACC9694457191
435aee93-7b7f-4363-a27d-2cc7da1e314e,Debit,2024-11-19,1657.98,Pending,ACC8154338572,Gaurav Jain,ACC7087362280
f1ed55d0-12b4-4301-b90a-56f761aae78a,Credit,2024-10-02,3608.91,Failed,ACC8154338572,Vineet Chauhan,ACC2715099379
041c65d8-a92e-4518-b05d-ef7bca885b19,Credit,2024-12-19,950.11,Success,ACC8154338572,Richa Singh,ACC9644287762
e6ac998e-98c3-49dc-8afc-614cd1ec8408,Credit,2024-03-23,1799.09,Pending,ACC8154338572,Anjali Mehta,ACC4308105239
4e92869b-73ca-45df-9d51-a6e6291c4ec5,Credit,2024-11-21,2685.24,Pending,ACC8154338572,Sandeep Verma,ACC7149896080
f997d003-81f3-4f4d-ae3a-39a2a8313bf1,Debit,2024-10-22,2992.47,Failed,ACC8154338572,Simran Kaur,ACC4308105239
0a9b7109-ef0c-4ef3-b0ee-cff77b8c296b,Debit,2024-12-28,2606.39,Success,ACC8154338572,Anil Kumar,ACC4308105239
cd8ae682-a63e-431f-baad-43100fead214,Debit,2024-04-11,4860.04,Failed,ACC8154338572,Manoj Tiwari,ACC8154338572
a84756ae-a799-44f9-ac23-1c3715187be9,Credit,2024-01-29,1215.01,Pending,ACC8154338572,Vineet Chauhan,ACC1590248187
872952b7-1a67-4226-9a6b-a96026061b1b,Credit,2024-04-15,3736.81,Pending,ACC8154338572,Aarti Mehta,ACC3437192591
cafc6c50-d1e4-4edb-8073-791cc9e2f6b2,Debit,2025-01-01,1900.44,Failed,ACC7402661221,Aarti Mehta,ACC3437192591
0971d974-67f0-40fd-92b5-c77fec679c00,Debit,2024-04-04,3978.35,Success,ACC7402661221,Kavita Jain,ACC6541398470
e9043cb0-417d-4611-ac60-a1b5ae92cb1b,Debit,2024-08-29,4660.67,Failed,ACC7402661221,Amit Sharma,ACC4692063319
2a3f3ed3-4d44-4d84-a7ab-630548325264,Debit,2024-11-29,2272.35,Pending,ACC7402661221,Ravi Soni,ACC8154338572
d57d61d8-07ea-42a0-b13c-e354c5d4d1e7,Debit,2024-09-05,180.35,Failed,ACC7402661221,Ravi Soni,ACC2305535278
b7fc9fa2-a5be-4a8f-9ed5-00ffc215179f,Debit,2024-04-30,3329.51,Failed,ACC7402661221,Richa Singh,ACC5210528110
70280892-5e1e-455a-a55b-e27f1a5c7bd4,Credit,2024-07-18,4690.05,Failed,ACC7402661221,Priya Desai,ACC9694457191
9f949f05-f1ae-4dbb-9b01-cc37ea567f4c,Debit,2024-02-23,1100.93,Pending,ACC7402661221,Manoj Tiwari,ACC1698989475
133a2d21-fed8-4600-9e40-8c090c92a4ac,Debit,2024-08-31,972.19,Pending,ACC7402661221,Aarti Mehta,ACC5189193885
59897891-82cb-4729-9315-0fdec4a7334a,Debit,2024-04-26,914.56,Success,ACC7402661221,Neha Gupta,ACC8795205406
ae1fbcfc-6bbd-4c6f-a167-de1acf9d1c55,Credit,2024-07-19,273.82,Success,ACC5189193885,Vineeta Agarwal,ACC8154338572
46554c0b-0b25-4922-a3fc-ccd7cd4b2e37,Credit,2024-07-21,1143.22,Success,ACC5189193885,Arvind Rajput,ACC8777577001
0ee24c94-6516-4d6f-a1eb-698d5d45a5fe,Credit,2024-04-26,2715.91,Success,ACC5189193885,Pooja Verma,ACC8777577001
7538495d-fc0e-4a33-bba0-e8ac9b8e2fb9,Credit,2024-11-17,1841.07,Success,ACC5189193885,Neha Gupta,ACC1153773052
0465d34e-05a6-4310-a36d-0e83a4774b17,Credit,2024-12-10,4364.65,Failed,ACC5189193885,Suresh Reddy,ACC1867743310
187d8d3b-b41f-42fb-a5fa-46e1bc61efa8,Credit,2024-07-14,3032.2,Success,ACC5189193885,Priya Desai,ACC1698454843
2d80a6c9-2956-42c9-b995-fa1923e85466,Debit,2024-08-18,4385.84,Failed,ACC5189193885,Kavita Jain,ACC9694457191
f98c8fb9-9520-46c3-9643-95d617744300,Debit,2024-03-02,3579.72,Failed,ACC5189193885,Neelam Kumari,ACC7984416238
9e6f8f19-23d1-4d0d-b75b-620c2b8011bb,Credit,2024-11-02,4313.73,Success,ACC1455774327,Pooja Verma,ACC3437192591
958187f9-4edc-4cf8-9756-d56a0019df2a,Debit,2024-03-23,4545.04,Pending,ACC1455774327,Neelam Kumari,ACC1698989475
ea7d0876-3263-47e8-ada1-cabb6cbcac09,Debit,2024-04-20,1474.21,Success,ACC1455774327,Sunil Yadav,ACC9901263136
48bb2bf6-8def-406f-a943-67667fcfc7fa,Credit,2024-12-24,4439.89,Pending,ACC1455774327,Simran Kaur,ACC1227835051
b5fae9ea-3528-4437-a622-bb0058b4f095,Debit,2024-07-24,2872.94,Success,ACC1455774327,Suraj Singh,ACC1227835051
53c5d6f9-17f9-4a25-933a-097d4840923b,Debit,2024-07-16,2643.19,Pending,ACC1455774327,Mohit Jain,ACC9901263136
b2dead7a-ba9c-4d19-97bb-0a452481b245,Credit,2024-09-12,3625.78,Success,ACC1455774327,Suraj Singh,ACC6692298659
a6274573-1f33-44d5-b0ef-d79a65b77e03,Debit,2024-03-31,3802.77,Pending,ACC1455774327,Simran Kaur,ACC1698454843
ea97d334-a866-46b5-9797-3245936b5b6e,Debit,2024-02-24,3653.37,Failed,ACC1455774327,Amit Sharma,ACC2305535278
0cbb58ac-fe0e-4504-baf2-03ff0179735a,Debit,2024-05-13,4288.39,Pending,ACC6692298659,Ravi Kumar,ACC1698989475
e667136a-c770-4553-ae5b-3b41b1a5bb9d,Credit,2024-05-15,1258.96,Failed,ACC6692298659,Richa Singh,ACC7984416238
0db5a92e-0d1c-40b9-8547-c8496580fab3,Debit,2024-12-25,1442.01,Pending,ACC6692298659,Priya Desai,ACC2305535278
b956e1c5-2e05-4f05-8585-86259271a63b,Credit,2024-06-19,1682.1,Success,ACC6692298659,Vineet Chauhan,ACC2715099379
b7436dd6-aed1-4ec0-9f9b-4c3fe23299ac,Debit,2024-12-13,4887.45,Success,ACC6692298659,Mohit Jain,ACC5210528110
63e2fc04-b1d1-45eb-ab60-1b8eb8e79686,Credit,2024-12-30,4285.96,Success,ACC6692298659,Ravi Soni,ACC9694457191
6a1dbf35-88c1-4f54-b174-d1efe2a50236,Debit,2024-03-22,3366.52,Pending,ACC6692298659,Karan Singh,ACC9901263136
99fedf50-b192-4e46-b7c2-bee1b1f67023,Debit,2024-03-17,2958.39,Success,ACC6692298659,Vineeta Agarwal,ACC5210528110
9f313513-d90b-4573-9948-a329da6f9991,Debit,2024-02-07,1987.06,Success,ACC6692298659,Sandeep Verma,ACC9694457191
c00c7a9c-5894-4c44-9d19-bb11e3bde2d5,Debit,2024-09-23,1869.27,Success,ACC1867743310,Simran Kaur,ACC4692063319
6cea4f3b-e5fb-408d-804a-e8f88cf6f3a3,Credit,2024-10-17,1194.21,Failed,ACC1867743310,Vineeta Agarwal,ACC8897314861
b39545d7-1995-4206-b609-b028750cac07,Credit,2024-12-15,878.8,Failed,ACC1867743310,Vineet Chauhan,ACC1455774327
1b627a2e-c31e-4298-b406-78ba1b188b76,Debit,2024-05-07,1408.21,Failed,ACC1867743310,Sunil Yadav,ACC7402661221
0039938a-4651-4c37-b20f-dbfab80af8b2,Debit,2024-06-14,580.0,Pending,ACC1867743310,Priya Desai,ACC1946334593
544ba65a-da91-4edf-9906-7563cade9d22,Credit,2024-05-02,1475.43,Failed,ACC1867743310,Kavita Jain,ACC1153773052
177b6f75-de2d-4a13-8abb-58d06293283a,Credit,2024-07-23,1721.94,Success,ACC1867743310,Manoj Tiwari,ACC3005125072
c1a25d8e-1cc5-48e2-ba97-0ca729e6b980,Debit,2024-05-06,2793.7,Failed,ACC1867743310,Vineet Chauhan,ACC9644287762
ced10eda-5d95-4b38-bb6a-46ba8e345b6f,Debit,2024-05-07,3283.29,Failed,ACC1867743310,Kavita Jain,ACC7087362280
153947f9-22c7-4624-bccc-bf1f4a9f82ea,Credit,2024-05-14,4730.57,Failed,ACC5710166050,Suresh Reddy,ACC1227835051
573eef7a-a4d8-4487-bc10-f7070fd168b6,Credit,2024-02-13,4094.9,Failed,ACC5710166050,Mohit Jain,ACC1698454843
dd10d592-6ec7-4e8d-9e00-e6b3a930232d,Debit,2024-04-05,247.54,Success,ACC5710166050,Richa Singh,ACC1227835051
e46efa36-4b2d-4d79-b49b-ad4a94f1c80b,Debit,2024-05-21,2385.78,Success,ACC5710166050,Vineet Chauhan,ACC2715099379
91e95da2-22b0-402a-94bb-fb35497b5248,Credit,2024-12-07,1178.92,Success,ACC5710166050,Anjali Mehta,ACC1590248187
7b4504ff-bd63-46a4-85f3-3a361b1a2a7c,Credit,2024-03-07,3658.39,Pending,ACC5710166050,Amit Sharma,ACC8897314861
ab9145c6-6226-495a-b096-91d0347a48fb,Credit,2024-08-19,3064.31,Pending,ACC5210528110,Anil Kumar,ACC4692063319
2f89b415-3c26-45cc-864c-a23a5d63578d,Debit,2024-06-09,778.04,Pending,ACC5210528110,Kavita Jain,ACC4308105239
21a6e621-9ff4-4371-82f8-35e7f5c79364,Credit,2024-04-10,2701.34,Failed,ACC5210528110,Neha Gupta,ACC8777577001
f16f7f26-c8fd-4a5d-8638-5dfb6ce2f118,Credit,2024-11-03,673.0,Failed,ACC5210528110,Aarti Mehta,ACC8777577001
fae376fc-9173-4389-a357-a42de52a5635,Credit,2024-03-13,815.16,Success,ACC5210528110,Arvind Rajput,ACC9694457191
12e1cda4-3bfc-4e99-8a4f-54aea9136f74,Credit,2024-01-27,1450.66,Pending,ACC5210528110,Kavita Jain,ACC3437192591
94cbb5f1-5833-4552-8a06-070175f3efb0,Debit,2024-04-13,1767.82,Success,ACC5210528110,Karan Singh,ACC6692298659
8f1c0704-7fb7-4bdb-8978-60f683b62d4d,Credit,2024-03-17,3699.02,Pending,ACC5210528110,Raj Patel,ACC1946334593
f618b222-29a2-439b-9fda-1d9b454a7287,Debit,2024-08-31,2696.52,Failed,ACC5210528110,Anil Kumar,ACC2305535278
0c032ba5-7327-44bb-8377-ccba5f62eb56,Credit,2024-04-20,4663.52,Success,ACC1698454843,Richa Singh,ACC7984416238
542eda73-d0dd-4d88-9ce3-96663215e62e,Debit,2025-01-11,4549.95,Failed,ACC1698454843,Mohit Jain,ACC3005125072
6396d1db-7d06-47e5-a6c1-be2f90351635,Debit,2024-08-18,3670.6,Pending,ACC1698454843,Anjali Mehta,ACC8897314861
9a2ea258-65b3-4bc6-a652-68c43fbd5067,Credit,2024-03-02,3719.27,Success,ACC1698454843,Ravi Soni,ACC4308105239
3207ff06-1721-43eb-9f28-1758717b13f7,Credit,2024-06-27,4067.47,Success,ACC1698454843,Suraj Singh,ACC2715099379
df8544af-a31a-486e-9046-f9f066315fe4,Debit,2024-09-06,2044.11,Success,ACC1698454843,Rekha Yadav,ACC1867743310
e09d4e09-979b-4236-bce7-4eee1ee23b0a,Credit,2024-06-28,1184.09,Success,ACC1698454843,Neelam Kumari,ACC1153773052
e6e11835-6757-4f43-b9b6-02ab807af8ed,Debit,2024-11-17,1708.14,Failed,ACC1698454843,Amit Sharma,ACC1455774327
cca6eb22-08e7-4130-9cce-bb340fa910dc,Credit,2024-10-30,2337.13,Failed,ACC1698454843,Aarti Mehta,ACC5710166050
26053043-42fb-4cfa-8a58-34612d4e933d,Debit,2024-03-16,4017.11,Failed,ACC1698454843,Pooja Choudhury,ACC7984416238
b728601e-3995-477e-8995-8d7cf1916d5d,Debit,2025-01-03,1312.01,Success,ACC7149896080,Arvind Rajput,ACC7149896080
8dca515d-efa8-4f3a-bd9d-74986daa5f14,Credit,2024-03-01,3552.51,Success,ACC7149896080,Kavita Jain,ACC3437192591
bf0cacbd-0dd2-4aa8-aeac-e9df0bc00eb4,Credit,2024-12-05,2244.47,Success,ACC7149896080,Arvind Rajput,ACC9901263136
54e2eee3-85bd-404a-bceb-339033eb3320,Credit,2025-01-05,3792.74,Pending,ACC7149896080,Vineeta Agarwal,ACC1227835051
a7a88275-7d25-437d-9181-9c0dbc2166b9,Credit,2024-06-07,4458.07,Failed,ACC7149896080,Simran Kaur,ACC8777577001
1714bc87-bbbf-42bb-8b60-16873b4e8cd6,Credit,2024-05-23,2118.02,Failed,ACC7149896080,Simran Kaur,ACC5189193885
7c23a418-e573-46b1-9bd7-e88e7308bd77,Credit,2024-02-25,4786.48,Success,ACC7149896080,Arvind Rajput,ACC4308105239
8e0eea97-160e-4734-92d4-c40076cea7ac,Credit,2024-08-23,4873.21,Failed,ACC7149896080,Richa Singh,ACC3005125072
cb9000fb-ddf1-4341-953b-8e227c4e58e8,Debit,2024-09-04,763.65,Failed,ACC7149896080,Anil Kumar,ACC3005125072
d30f33a4-8680-4d36-9b0c-e3f9904b35d2,Credit,2024-09-20,2291.09,Pending,ACC7149896080,Vineet Chauhan,ACC8154338572
c40fc632-2766-491a-a2e5-97686a2ca172,Credit,2024-09-24,1002.99,Success,ACC4308105239,Suresh Reddy,ACC1455774327
35430603-19d5-4dbd-ae45-b32e786f38a8,Debit,2024-11-02,4296.38,Success,ACC4308105239,Rekha Yadav,ACC5189193885
75dc5b92-5e15-447d-af58-4355abb0d1ae,Credit,2025-01-03,1465.15,Failed,ACC4308105239,Anil Kumar,ACC3005125072
2b437b73-ab8a-40f4-b30f-261443855d2c,Debit,2024-08-05,2723.53,Failed,ACC4308105239,Deepa Agarwal,ACC7402661221
e0cee431-d574-4278-bb98-46fcd3ed0c93,Debit,2024-10-10,2653.38,Pending,ACC4308105239,Suresh Reddy,ACC7402661221
2fe3fd07-3201-4438-ad49-9de1b01cb0ce,Debit,2024-09-05,2417.94,Failed,ACC4308105239,Vineet Chauhan,ACC1946334593
34ba9f6b-808e-49f0-94d0-633969840996,Credit,2024-04-02,1133.35,Pending,ACC4308105239,Sunil Yadav,ACC7402661221
eacc62c9-b6df-4d4a-9737-6f55d85d7234,Credit,2025-01-04,2824.19,Failed,ACC4308105239,Gaurav Jain,ACC3437192591
6238608b-83a5-43a8-ae13-1e0b195100c6,Debit,2024-07-01,4060.79,Success,ACC4308105239,Vineeta Agarwal,ACC8154338572
da05f84c-b234-446f-b0e7-05760dae4bd1,Credit,2024-07-01,4861.58,Failed,ACC4308105239,Aarti Mehta,ACC4308105239
708f88d7-627e-433f-b7c3-e2ac37651af6,Credit,2024-11-14,373.25,Success,ACC8777577001,Kavita Jain,ACC8154338572
4a19a568-055d-445b-bb3b-4a686a294b7d,Debit,2025-01-14,3161.61,Success,ACC8777577001,Priya Desai,ACC7087362280
a4397482-3d93-46cb-af84-7f65cb236521,Credit,2024-12-04,2049.86,Pending,ACC8777577001,Vineet Chauhan,ACC5210528110
153efe4e-1444-4757-932e-0e39acb299f5,Debit,2024-06-04,302.07,Failed,ACC8777577001,Gaurav Jain,ACC2305535278
66b96df0-62b9-4614-9325-33ddcc88e0d4,Debit,2024-01-21,870.51,Failed,ACC8777577001,Karan Singh,ACC4692063319
35e017cc-df17-4e38-9d18-deeb5b6c945b,Credit,2024-06-16,4628.26,Failed,ACC8777577001,Sandeep Verma,ACC7087362280
82c333c2-5e82-4e0f-a4d1-c56d21a8f6a1,Debit,2024-10-23,401.6,Success,ACC8777577001,Sunil Yadav,ACC5189193885
6330e4ed-9c57-437f-a5bb-6c2a102884c0,Debit,2024-06-14,619.65,Success,ACC8777577001,Priya Desai,ACC3005125072
90d5c12e-f1d1-47c1-a883-422c4f47bf02,Credit,2024-06-19,1896.87,Pending,ACC9644287762,Rekha Yadav,ACC6692298659
6af544a6-827f-4ead-bfb5-fbe67f51cdf3,Credit,2024-04-22,434.96,Success,ACC9644287762,Simran Kaur,ACC7984416238
0a7c2604-96b0-4368-9466-d32db650dc90,Debit,2024-09-17,528.28,Pending,ACC9644287762,Manoj Tiwari,ACC1455774327
868eb493-28e7-4a97-8015-d1cda2fe595f,Debit,2024-05-13,4977.73,Success,ACC9644287762,Vineeta Agarwal,ACC7149896080
736fe043-ab12-495c-a7aa-22dff80721c2,Debit,2024-09-15,4937.56,Success,ACC9644287762,Amit Sharma,ACC4308105239
728bffc6-4a55-4799-9201-664837c44374,Debit,2024-04-25,1972.53,Success,ACC9644287762,Kavita Jain,ACC8777577001
7dce81ed-c165-4cc6-89bb-6adbba6506c9,Credit,2024-05-11,368.14,Pending,ACC9644287762,Rajeev Kumar,ACC1455774327
b7f8ffa8-5fb4-4868-a21b-6fbc58498c5f,Credit,2024-02-08,364.11,Failed,ACC9644287762,Neelam Kumari,ACC7087362280
bd07b723-1970-4340-8291-1ffa4ec925ec,Credit,2024-04-26,3693.58,Success,ACC9644287762,Vikas Kumar,ACC1227835051
5c94588a-5de5-48e5-a8ed-09f11c1b493b,Credit,2024-11-13,687.99,Failed,ACC3005125072,Deepa Agarwal,ACC7984416238
e5ccbe10-4da2-4b32-91a9-8a49e9ac05f8,Debit,2024-06-09,928.88,Success,ACC3005125072,Aarti Mehta,ACC1455774327
98341a5c-1d33-4fa0-a73d-5c8872c9a988,Debit,2024-10-10,4577.53,Pending,ACC3005125072,Amit Sharma,ACC8154338572
0b9b3db2-f17d-428d-822e-f8121eca173c,Debit,2024-06-25,2487.67,Pending,ACC3005125072,Pooja Verma,ACC1455774327
1a3883c4-b04b-4953-acae-c5a09be4a875,Debit,2024-05-26,1755.3,Success,ACC3005125072,Suresh Reddy,ACC8154338572
7a29a880-4923-46ab-968e-0731d2a19767,Credit,2024-09-29,3990.51,Pending,ACC9901263136,Ravi Soni,ACC4308105239
49d14913-d316-411f-aeb6-737b59b853ed,Credit,2024-08-31,2585.35,Pending,ACC9901263136,Ravi Soni,ACC6692298659
1917a449-f595-4e85-bf53-a3920c374443,Credit,2024-08-16,3617.16,Success,ACC9901263136,Pooja Choudhury,ACC6541398470
d7df7d13-aaf8-45cd-b130-cfee06700289,Debit,2024-04-06,4471.73,Failed,ACC9901263136,Suraj Singh,ACC3005125072
44bd059f-b892-49c0-8220-ce18fe272dd2,Credit,2025-01-13,1035.64,Success,ACC9901263136,Neha Gupta,ACC4692063319
80db460d-0a3b-48e9-8d5b-65a2b9d45d35,Debit,2024-10-13,1038.7,Success,ACC9901263136,Rajeev Kumar,ACC6692298659
f29017dd-c6b4-4282-80cd-b6823835e2ab,Debit,2024-03-08,2394.64,Success,ACC9901263136,Karan Singh,ACC5210528110
d2e5ddad-c01d-4f1d-9622-5e465c1cc37c,Credit,2024-12-28,4805.46,Pending,ACC1590248187,Richa Singh,ACC9901263136
27826c09-aad8-4e2a-9201-1f81cc0c163a,Credit,2024-07-19,1660.78,Failed,ACC1590248187,Mohit Jain,ACC8795205406
a9ec672f-fdc6-41d6-bc62-6a4cfe25db47,Debit,2024-10-12,4412.97,Failed,ACC1590248187,Priya Desai,ACC3005125072
bc996a28-f037-4efa-b1dd-ca963cf1b93c,Credit,2024-08-30,457.39,Pending,ACC1590248187,Raj Patel,ACC8777577001
57abb458-0af1-46e6-a91a-885ed719dc87,Debit,2024-09-20,4923.23,Pending,ACC1590248187,Vineet Chauhan,ACC5210528110
58deea67-1665-4e64-9fc2-1d226fca51e9,Credit,2024-09-25,1488.2,Success,ACC1590248187,Neelam Kumari,ACC1946334593
702af96c-7592-47e0-b606-2e4cab17b4b9,Credit,2024-07-22,4253.24,Pending,ACC1590248187,Anjali Mehta,ACC1698989475
9073f5a6-b9ac-4a7e-8ac3-f9b096f5114b,Credit,2024-03-26,2116.49,Success,ACC1590248187,Mohit Jain,ACC4692063319
baa82efa-13ae-4617-ba43-a321c870e560,Credit,2024-06-16,388.68,Failed,ACC1946334593,Aarti Mehta,ACC8154338572
1ac14c52-c1cf-4171-a76a-a8bca6c15901,Credit,2024-06-18,917.36,Success,ACC1946334593,Neha Gupta,ACC3437192591
b999b8ee-1db0-4427-8256-3b752cda253b,Debit,2024-04-18,3845.23,Success,ACC1946334593,Kavita Jain,ACC8795205406
b03e042c-4599-4d6a-82d5-9c955f7ad9d1,Debit,2025-01-11,2983.56,Success,ACC1946334593,Pooja Verma,ACC1867743310
11c92ebb-daac-4967-838d-119fc61143b4,Debit,2024-11-25,321.76,Failed,ACC1946334593,Aarti Mehta,ACC8154338572
df2ea0a6-a97d-4480-bbbf-82318706b08a,Debit,2025-01-16,4299.0,Pending,ACC1946334593,Pooja Verma,ACC1227835051
4d27f335-10eb-4e09-a3cc-a9f388dd0e4a,Credit,2024-03-06,1092.45,Failed,ACC7984416238,Anjali Mehta,ACC4692063319
f29393a9-e4f3-4c3c-8ecb-79c1b761d2b2,Credit,2024-11-18,443.5,Success,ACC7984416238,Amit Sharma,ACC1946334593
658b86ce-2f3e-48b7-be95-c068cf46eb3d,Debit,2024-09-12,4152.33,Success,ACC7984416238,Mohit Jain,ACC7149896080
eae7af1c-4803-479d-98ae-609ac2d7a5a3,Credit,2024-08-09,3265.49,Failed,ACC7984416238,Priya Desai,ACC1590248187
215278ae-a140-4823-9a71-10bdcfcbdc19,Debit,2024-10-31,4627.28,Pending,ACC7984416238,Rekha Yadav,ACC6692298659
6b33a0a1-b3f5-42da-b22c-7702abecdd25,Credit,2024-09-04,1512.3,Failed,ACC7984416238,Suraj Singh,ACC2715099379
5158d32a-41fa-4c29-ae6e-f90c028be55b,Credit,2024-10-22,1745.74,Failed,ACC7984416238,Sandeep Verma,ACC8154338572
11ee3cd0-6f1f-4727-ae53-0570adb4ceda,Credit,2024-05-10,948.09,Failed,ACC7984416238,Vineeta Agarwal,ACC5189193885
5dc21e9c-e22b-4c28-9e1b-1eee639a9ec0,Debit,2024-09-09,3647.01,Failed,ACC6541398470,Rajeev Kumar,ACC1698454843
c7b5ca2d-96ee-4e25-9c51-a2b9d6e00e99,Debit,2024-10-19,4149.38,Failed,ACC6541398470,Kavita Jain,ACC1227835051
c4d16add-42a5-40ec-83d1-e7768ee32d2a,Credit,2024-12-23,4891.59,Success,ACC6541398470,Anil Kumar,ACC1698989475
7f4d7ef6-2420-46fc-b4a7-6366cbbc2b98,Debit,2024-03-16,4972.04,Success,ACC6541398470,Karan Singh,ACC4692063319
4e24d200-028f-48e9-92c3-0ba7d69ad7ed,Debit,2024-05-12,1427.5,Failed,ACC6541398470,Richa Singh,ACC1946334593
3745fc1e-35f3-4141-b8e8-96602ef7aa19,Debit,2024-11-16,4184.11,Pending,ACC6541398470,Richa Singh,ACC6541398470
d9490297-74da-4499-9d55-177c584f178a,Credit,2025-01-14,4996.9,Failed,ACC3437192591,Ravi Kumar,ACC1227835051
8780f2cf-d205-4f1a-8ee3-8a0f0bf9dfe2,Credit,2024-02-08,458.81,Failed,ACC3437192591,Anil Kumar,ACC5710166050
bba69808-a482-47fb-a3eb-05ffe21cb04c,Credit,2024-04-30,676.07,Failed,ACC3437192591,Aarti Mehta,ACC4692063319
f2fb75b3-8294-40e4-8d4d-5e48d2bed744,Credit,2024-12-05,1073.65,Failed,ACC3437192591,Richa Singh,ACC6692298659
1544ee3a-9f90-4917-88b9-1ae105e9ea5e,Credit,2024-07-07,2711.85,Pending,ACC3437192591,Vikas Kumar,ACC5210528110
71cffc9b-073f-4030-953f-0170d651bde3,Debit,2024-02-18,3816.67,Success,ACC3437192591,Neha Gupta,ACC4308105239
92b1c0f2-a346-4386-82f5-a4a204cce748,Credit,2024-01-31,4223.95,Failed,ACC3437192591,Manoj Tiwari,ACC1227835051
c004b640-d7ca-493c-8749-345e17c9566f,Credit,2024-05-11,1343.29,Pending,ACC3437192591,Deepa Agarwal,ACC7087362280
d2f26d46-bd9e-476f-8839-c5958c56b252,Debit,2024-08-07,2833.23,Failed,ACC3437192591,Vineet Chauhan,ACC5189193885
d42e2165-5143-4c63-aadb-e598dd1843de,Debit,2024-09-15,4261.01,Success,ACC3437192591,Sandeep Verma,ACC9694457191
b84bacd9-eb79-4c98-8a1d-beca634fc417,Debit,2024-09-16,4833.18,Pending,ACC1153773052,Priya Desai,ACC5710166050
a7d40425-c702-4d19-9851-cb9716050cd2,Debit,2024-09-28,272.88,Failed,ACC1153773052,Mohit Jain,ACC8897314861
317a9cbb-dd68-4802-ba3c-98747f0213c1,Credit,2024-09-16,3699.04,Failed,ACC1153773052,Vikas Kumar,ACC8154338572
d91e49d7-5157-406f-a8ca-52c0f31b6193,Credit,2024-07-07,751.98,Failed,ACC1153773052,Pooja Choudhury,ACC8777577001
3e8fcf8e-cd67-4070-bb5d-3216adc33ebd,Debit,2024-12-14,4213.64,Pending,ACC1153773052,Mohit Jain,ACC1590248187
08f97a80-ab22-4234-9e99-b9350495081c,Debit,2024-12-28,511.84,Success,ACC1153773052,Richa Singh,ACC5210528110
e7ba4d20-69dc-4290-a9cb-93e47d72ac31,Debit,2024-11-11,2699.31,Failed,ACC1153773052,Neha Gupta,ACC6692298659
008bf38b-38ef-436c-9826-b1fdc2f8571d,Credit,2024-12-17,2208.57,Pending,ACC1153773052,Ravi Soni,ACC1698454843
1b551a98-e993-4ce5-9ed6-a5e6f398f1d7,Debit,2024-02-11,2918.94,Pending,ACC1153773052,Rekha Yadav,ACC8897314861
e0dc4146-57f5-40d3-9889-bde1e75c46a6,Debit,2024-09-01,872.11,Failed,ACC1153773052,Ravi Kumar,ACC7149896080
dc192a9a-4402-436d-9256-80a82f16d77f,Credit,2024-04-13,3530.26,Pending,ACC2305535278,Anjali Mehta,ACC9901263136
a16418d4-ca9a-45e9-a6b3-e21f5f1c238d,Debit,2024-01-29,4534.76,Failed,ACC2305535278,Vikas Kumar,ACC1867743310
a8a31e66-b758-402e-a9c0-b6449cccc475,Credit,2024-04-19,1839.51,Failed,ACC2305535278,Suresh Reddy,ACC1698989475
57953a35-540b-4a2f-a6b4-90ca6a9941d4,Debit,2024-04-08,2437.88,Failed,ACC2305535278,Suresh Reddy,ACC7402661221
a7731e86-422d-467b-a43f-50938112548a,Debit,2024-07-04,2878.56,Failed,ACC2305535278,Arvind Rajput,ACC2305535278
2280b3a2-2b23-4eb4-8824-35f5a2ce96c0,Credit,2024-05-14,2431.91,Pending,ACC2305535278,Raj Patel,ACC8154338572
42cb5427-df1e-4889-a619-1fcdf654fbf4,Debit,2024-04-26,418.28,Pending,ACC2305535278,Karan Singh,ACC3005125072
4a4edaf2-7e69-4639-840c-c264a029f3da,Credit,2024-02-26,4007.86,Pending,ACC8795205406,Ravi Kumar,ACC7984416238
54d9eec0-dcec-48f7-9a03-4894cf0572a5,Credit,2024-08-02,2616.96,Success,ACC8795205406,Vineeta Agarwal,ACC1698454843
20b4242a-9659-4557-8706-ed2e77f94bb2,Credit,2024-12-13,630.16,Success,ACC8795205406,Ravi Soni,ACC8795205406
e8304163-2abf-4827-a542-4fdd44a190fb,Credit,2024-08-10,4257.68,Success,ACC8795205406,Sunil Yadav,ACC1227835051
0cdac5f1-aeb8-49fc-8a2f-546a43f8a415,Credit,2024-12-21,4104.29,Success,ACC8795205406,Anil Kumar,ACC4692063319
b8c1e49f-bf3d-45cd-8299-90bc43bfc20e,Credit,2025-01-09,1590.03,Failed,ACC8795205406,Sunil Yadav,ACC5210528110
83c2657e-bc57-448e-8688-0535e20285b6,Debit,2024-11-23,243.28,Failed,ACC8795205406,Karan Singh,ACC7087362280
ada5886b-a8d8-4e08-9f34-e1cd5128504b,Credit,2024-05-14,614.13,Failed,ACC8795205406,Pooja Choudhury,ACC2715099379
a995cc13-87e4-4e65-82ed-1b694616c296,Debit,2024-08-26,3203.12,Pending,ACC8795205406,Deepa Agarwal,ACC3005125072
6a72cff2-262c-4ef9-8593-ebc3a16607e8,Debit,2024-06-14,3937.27,Pending,ACC7087362280,Ravi Soni,ACC4692063319
cc822336-2293-4c68-80ad-88cad3a2559f,Credit,2024-11-25,3053.37,Pending,ACC7087362280,Amit Sharma,ACC1227835051
32ee0403-a01a-41ca-886c-0b8a69a78fc9,Debit,2024-03-13,2988.43,Pending,ACC7087362280,Manoj Tiwari,ACC2305535278
e8cb2d87-371d-4993-bff3-168b7717653d,Credit,2024-06-02,1954.49,Pending,ACC7087362280,Kavita Jain,ACC7984416238
6bd7ab75-3bff-44ac-b830-39a3222e929f,Debit,2024-12-03,3616.17,Failed,ACC7087362280,Kavita Jain,ACC8154338572
75926ac4-a6f7-4412-a49c-2c0db0e21001,Credit,2024-08-20,4742.23,Failed,ACC7087362280,Mohit Jain,ACC7984416238
3a6049e0-8bbc-45b8-973c-bcca1fd42bc0,Credit,2024-07-13,1017.87,Pending,ACC7087362280,Pooja Verma,ACC2715099379
072ff6b3-36a5-4056-8dc6-1a9fb710f97a,Debit,2024-12-11,4424.88,Pending,ACC7087362280,Neelam Kumari,ACC9901263136
50cc077c-1f1b-47a0-8548-90fdbf4118de,Debit,2024-04-25,4429.51,Failed,ACC4692063319,Richa Singh,ACC3437192591
8a0bd855-0a23-4ee8-875a-ad7e1fc0907b,Debit,2024-06-15,1325.98,Failed,ACC4692063319,Priya Desai,ACC1698454843
68e4a106-c4d4-458f-b083-986ddac35249,Credit,2024-05-23,464.2,Success,ACC4692063319,Vineet Chauhan,ACC5189193885
0768ec2e-9ab6-4b1a-919e-c25b799de16d,Credit,2024-09-29,1278.02,Success,ACC4692063319,Karan Singh,ACC1946334593
9586ac57-9c5a-47cf-a101-d78b49262947,Credit,2024-06-03,3891.95,Pending,ACC4692063319,Manoj Tiwari,ACC9644287762
443f20ab-2bd3-4b47-832b-d829df30048e,Debit,2024-06-15,594.49,Pending,ACC4692063319,Richa Singh,ACC8795205406
d168dac4-9554-4f9d-a710-e26e63bc7003,Credit,2024-03-29,3436.49,Success,ACC4692063319,Gaurav Jain,ACC7402661221
1bc9047e-7c0a-4403-aef4-1fe6bce2ca1e,Debit,2025-01-11,1049.97,Failed,ACC4692063319,Mohit Jain,ACC4308105239
